neg,neu,pos,compound,headline,label
0.0,0.914,0.086,0.128,"More than 50,000 foreign parts found in Russian drones, missiles launched at Ukraine this week, Zelensky says",0
0.075,0.925,0.0,-0.3612,"Serbian mercenary Bratislav ≈Ωivkoviƒá was eliminated in Kursk oblast, reports Romanian outlet Digi24. ≈Ωivkoviƒá had been fighting against Ukraine since 2014 and was the commander of the Serbian nationalist paramilitary Chetniks organization.",-1
0.187,0.542,0.271,0.1027,Sych drones of the Defence Intelligence of Ukraine attack Russian oil depots,0
0.0,1.0,0.0,0.0,"Drone operators of the SOF unit ""KRAKEN"" of the DIU eliminated the chief of staff of the russian ""Storm-Ossetia"" battalion, Sergei Melnikov, together with his driver on the Vasylivka-Tokmak highway. December 29, 2024",0
0.052,0.856,0.092,0.2263,"This is a gentle reminder to donate to U24.gov [Yesterday Chernihiv RGN. 7 people were wounded as a result of Russian air strikes on the border town of Semenivka, In the evening, they launched airstrikes with anti-aircraft gunships on a residential area of the border town of Novgorod-Siverskyi.]
",1
0.3,0.7,0.0,-0.4588,Ukraine launches new offensive in Russia's Kursk region,-1
0.409,0.591,0.0,-0.8225,"Russian attacks against Ukraine kill 1, injure at least 36 over past day",-1
0.0,1.0,0.0,0.0,Travel to Ukraine? ,0
0.0,1.0,0.0,0.0,Air Force‚Äôs Cheap And Fast To Produce Long-Range Missile Is Being Built For Ukraine,0
0.293,0.707,0.0,-0.4404,"Russian Attacks Rely on¬†Foreign-Made Components, Zelenskyy Says",-1
0.205,0.795,0.0,-0.4767,Russian New Year attack and Ukraine's halt on gas transit | Ukraine This Week,-1
0.0,1.0,0.0,0.0,"Over 54,000 Russian targets were hit with Ukrainian drones in December, Syrskyi says",0
0.0,0.863,0.137,0.658,"Ukraine Aid Operations - On a totally unrelated note: Our UAO Kursk direction Fundraiser (started in August) is still active! We are collecting for drones, jammers and energy supply for units in the Kursk direction (see comment section)!",1
0.0,0.723,0.277,0.5574,The Defense Intelligence of Ukraine eliminated the Chief of Staff of the Storm-Ossetia Battalion,1
0.273,0.727,0.0,-0.4588,Ukrainian forces launch offensive in Russia's Kursk Oblast ‚Äì map,-1
0.192,0.684,0.124,-0.1531,"Good news for Ukraine, after loss of Tartus, Russia now has no submarines in the Mediterranean. Ru influence waning",0
0.0,1.0,0.0,0.0,"Novavasilka, we are almost at our 2500 euro target, the tankers (1st Nordic separate tank brigade) asked for two Samsung S10 tablets, we are 400 euro short to buy two. ",0
0.0,1.0,0.0,0.0,Ukraine FM¬†Reveals Historic Records of¬†Century-Old Ukraine-Syria Diplomatic Relations,0
0.0,1.0,0.0,0.0,Two paratroopers of the 79th Brigade captured 14 invaders,0
0.22,0.694,0.087,-0.5106,Ukrainian Defense Forces eliminate lieutenant colonels of the Pskov Air Assault Division in Lgov,-1
0.333,0.667,0.0,-0.3612,Drone strikes a car with Russian propagandists,-1
0.4,0.6,0.0,-0.7184,Ukrainian educator and philologist Oleksii Halionka killed in Chernihiv missile strike,-1
0.31,0.69,0.0,-0.4019,Losses of the Russian military to 5.1.2025,-1
0.0,1.0,0.0,0.0,7:58 AM; The Sun is Rising Over Kyiv on the 1047th Day of the Full-Scale Invasion. How to make Hartanachka!,0
0.0,1.0,0.0,0.0,The Moon-Venus conjunction over the Mother Ukraine statue in Kyiv,0
0.0,0.802,0.198,0.4939,Ukraine‚Äôs $15 Trillion Mineral Wealth Is Key to the Green Future and Electric Cars,1
0.0,1.0,0.0,0.0,Kilderovs 300 bucks paintings. 4 pieces left. To order ‚Äî DM. ,0
0.0,0.676,0.324,0.5859,Italy contributes ‚Ç¨13 million to Ukraine Energy Support Fund - EU NEIGHBOURS east,1
0.0,1.0,0.0,0.0,"Front Museum collection, part 2. Previous location // storage. Was changed location after flood in house. ",0
0.0,1.0,0.0,0.0,Front Museum collection. Part 1. One day I will do it official. ,0
0.0,0.808,0.192,0.7125,"First two paintings in 2025. First one available ‚ÄúVelcro saves my life‚Äù, another one sold to US, TX. Dm me if you interested in available artworks. ü´∂ kilderoff@gmail.com",1
0.0,1.0,0.0,0.0,"Meet UNITED24 Media Reporters, the Faces Behind Ukraine‚Äôs Frontline Coverage",0
0.0,0.435,0.565,0.7574,Such a lovely country - old school cooking! :p,1
0.143,0.857,0.0,-0.25,"Russian soldiers near Toretsk disguise as civilians to bypass Ukrainian positions, military says",-1
0.056,0.795,0.149,0.5719,"Ukraine Aid Operations - The Dogs United Team from Germany helped us to transport equipment worth over 100.000$ to Ukraine. Now, their truck's engine broke during last delivery. We offer 20 Dogs United patches for 125$. We match all proceeds, aiming for 5.000$ for repairmentü´°",1
0.0,1.0,0.0,0.0,Lex Fridman announced that he had a conversation with Volodymyr Zelenskyy,0
0.0,0.86,0.14,0.7579,"48 hours to go: RAFFLE. 6 Z patches from Donbas inside the frame. Perfect items for displaying in your toilet, lol. Worldwide shipping, and if you wants to buy another available patches (or another trophies) directly (and donate at the same time) ‚Äî DM me. ",1
0.0,1.0,0.0,0.0,"GIMME SHELTER - 4th Tank Brigade, Bakhmut, May 2023",0
0.13,0.87,0.0,-0.128,Captain Involved in Strike on Hroza Village Blown Up in Russia,0
0.0,1.0,0.0,0.0,"RigExpert, A Ukrainian company that continues to knock it out of the park ",0
0.0,0.816,0.184,0.4019,Our brigade the ‚Äú1st Nordic separate tank brigade‚Äù needs help for getting equipment. ,1
0.171,0.62,0.209,0.128,"As government cuts support, some internally displaced Ukrainians return home",0
0.0,0.807,0.193,0.7845,"Thank you Finland 30mm Shell, with drawing of Santa riding Finnish Patria Pasi.  Check out our completely reorganized Thank you series, which we'll be updating regularly in 2025 with new artworks thanking all countries supporting Ukraine.",1
0.0,1.0,0.0,0.0,Drones reportedly target one of Russia's largest sea trade ports in Leningrad Oblast,0
0.204,0.796,0.0,-0.7096,"In the Sumy region, Russia targeted an apartment building with a glide bomb. 2 children and 1 adult were injured. There may still be people under the rubble.",-1
0.0,0.776,0.224,0.6369,"""They're always looking for a good russia.""  Dmytro Kuleba on how the refusal to face an obvious truth paralyzes the West.",1
0.0,0.526,0.474,0.4019,My New Years wish,1
0.333,0.667,0.0,-0.4588,Russia‚Äôs Largest Commercial Seaport Attacked by¬†Drones,-1
0.0,1.0,0.0,0.0,Azov Brigade Starts Recruiting Foreigners,0
0.0,0.318,0.682,0.6467,Happy Birthday Kyrylo!! ,1
0.143,0.857,0.0,-0.4588,"Today, Ukrainian drones attacked the gas terminal in Russian sea port of Ust-Luga in the Leningrad region. January 2025",-1
0.0,1.0,0.0,0.0,How do you eat your salo?,0
0.118,0.776,0.106,-0.3182,"Intense scenes from inside Pokrovsk, captured by locals, reveal the harsh reality faced daily, a story of resilience and survival amidst unimaginable challenges.",-1
0.341,0.659,0.0,-0.4767,Drones Attack Russian Facility in Leningrad Oblast,-1
0.0,0.935,0.065,0.296,France to deliver first Mirage-5F fighter jets to Ukraine by end of January. French fighter jets are adapted for the tasks of Ukraine's Air Force. Ukraine is set to receive up to 10 Mirage-5F jets. France will also deliver to Ukraine Caesar artillery systems and AMX-10RC armored vehicles.,1
0.0,1.0,0.0,0.0,Ukrainians in¬†Russian-Occupied Territories Designated as¬†‚ÄúForeigners‚Äù Without Rights,0
0.0,1.0,0.0,0.0,"Russia launches over 300 drones, 20 missiles at Ukraine in first 3 days of new year, Zelensky says",0
0.233,0.692,0.075,-0.7814,I relocated to Canada almost 2 months ago. I wanna go home so much. I expected it to be hard but couldn‚Äôt imagine it would be like hell psychologically. If you relocate alone how do you handle it?,-1
0.307,0.693,0.0,-0.4767,37th Brigade Repels Russian Attack in Kurakhove Sector,-1
0.231,0.769,0.0,-0.5994,‚ÄòIt is impossible to outrun them‚Äô: how drones transformed war in Ukraine | Drones (military),-1
0.0,1.0,0.0,0.0,Taiwanese Company Produces Drives for UMPK by Order of Russia,0
0.35,0.65,0.0,-0.7906,"'Ignorant, superstitious, cunning, brutal, barbarous, dirty, mean' - Dr. Clarke's description of Russians 200 years ago",-1
0.346,0.654,0.0,-0.6486,Why is Ukraine losing ground? Deep analysis of military problems in 2025,-1
0.31,0.69,0.0,-0.4019,Losses of the Russian military to 4.1.2025,-1
0.0,1.0,0.0,0.0,"Ukraine hits $24.5 billion in agro-exports, nearing pre-war levels, Agriculture Ministry reports",0
0.0,1.0,0.0,0.0,7:58 AM; The Sun is Rising Over Kyiv on the 1046th Day of the Full-Scale Invasion. 100 Photos of Ukraine 2024. Part 7.,0
0.079,0.85,0.071,-0.069,"Slovakia will continue supplying electricity to Ukraine despite threats from Fico, reports iRozhlas. State-owned SEPS, Slovakia's power grid operator, confirmed it will uphold its emergency assistance contract with Ukrenergo. [NOELREPORTS]",0
0.0,0.775,0.225,0.7804,üá∫üá¶Hi all! Almost done with fundraising for charging station. Progress bar: $997 / $2000. Let‚Äôs make it happen and support our troops during this challenging time! Make a donation via PayPal: catherinesk93@gmail.com ü§ù,1
0.0,1.0,0.0,0.0,French Mirage 2000-5F may already be in Ukraine.,0
0.0,0.426,0.574,0.4019,How can I help? ,1
0.0,0.864,0.136,0.0258,Ukrainian An-124 Aids French Military Withdrawal from Chad,0
0.0,0.787,0.213,0.2263,IT Coalition Supplies Ukraine with Equipment Worth ‚Ç¨3.3M,1
0.0,0.87,0.13,0.128,Ukraine Reinforces IRIS-T Air Defense System with Modular Armor by Metinvest,0
0.209,0.791,0.0,-0.4404,"Russian Invasion Leaves at¬†Least 1,255 Ukrainian Heritage Sites Damaged, Ministry Reports",-1
0.406,0.594,0.0,-0.6249,Caught between the lines: Ukraine‚Äôs health crisis,-1
0.161,0.66,0.179,0.0258,We successfully raised $1500 to help 3rd Assault Brigade continue their program to use shotguns to combat FPV drones. Here is a brief look at what some of their training is like. See the comments for some more information on how to support 3rd Assault Brigade through their trainers.,0
0.209,0.791,0.0,-0.4404,Russia Orders Yandex to Remove Oil Refinery From Maps After Drone Attacks,-1
0.0,0.856,0.144,0.4019,"Special Raffle: ruzzian patches (received in Donbas). Proceeds fund a piggybank for the 80th, currently defending Kursk region. ",1
0.0,1.0,0.0,0.0,Ukraine's largest steelmaker launches production of Patriot system armor,0
0.0,1.0,0.0,0.0,Bohdana Self-Propelled Howitzers Entered Service with Liut Brigade,0
0.0,0.909,0.091,0.128,Ukraine aims to raise over $1 billion for 'Danish model' of defense industry funding in 2025,0
0.0,0.865,0.135,0.1027,Ministry of Defence of Ukraine Demonstrated Ukrainian Fiber Optic Drones,0
0.0,1.0,0.0,0.0,Wrecked Russian drone Geran-2 (Shahed-136) decorated as Christmas tree,0
0.0,0.881,0.119,0.2263,Russia Reportedly Grants Police Power to Raid Homes in Occupied Ukrainian Territories Over Passport Refusal,1
0.0,0.854,0.146,0.5106,"IT coalition partners provide Ukraine with equipment worth ‚Ç¨3.3 million. Ukraine has received another large-scale delivery of IT equipment worth over ‚Ç¨3.3 million from partners in Estonia, the Netherlands, and Luxembourg, Defense Minister announced.",1
0.21,0.756,0.034,-0.8519,"Today in sumy an enemy UAV attacked a two-story residential building. firefighters quickly extinguished the fire. They found a dog on the top floor and took it outside and handed it over to its owners, An elderly couple lived in the house. Fortunately, there were no casualties.",-1
0.348,0.652,0.0,-0.4939,HIMARS Destroyed Russian Pantsir System in Donetsk,-1
0.0,0.755,0.245,0.3818,Ukraine develops new Trembita missile capable of striking Moscow,1
0.231,0.769,0.0,-0.5994,"Ukraine war 'must end in just peace,' Polish president says in New Year's message",-1
0.0,0.649,0.351,0.4019,holiday apartment in Odesa / real-estate investment ,1
0.0,1.0,0.0,0.0,Ukrainian soldiers and shopkeepers hold on as Russia's siege of Pokrovsk tightens,0
0.341,0.659,0.0,-0.4767,Ukrainians in Poland receive fake military summonses,-1
0.0,1.0,0.0,0.0,Zelenskyy: We'll do everything to stabilize frontline in January,0
0.0,1.0,0.0,0.0,Artillery Brigade of National Guard of Ukraine Is Armed with Zuzana 2 Self-Propelled Howitzers,0
0.0,1.0,0.0,0.0,Chalcidian-type helmet that was found in Ukraine,0
0.0,0.889,0.111,0.128,Sweden Joins Compensation for Romania‚Äôs Transfer of Patriot Air Defense Systems to Ukraine,0
0.0,0.574,0.426,0.6369,Zelenskyy: Powerful Security Guarantees for Ukraine Require US¬†Involvement,1
0.34,0.66,0.0,-0.5574,Rarog Battalion Destroys 4 T-62 tanks in Donetsk Region,-1
0.31,0.69,0.0,-0.4019,Losses of the Russian military to 3.1.2025,-1
0.0,1.0,0.0,0.0,7:58 AM; The Sun is Rising Over Kyiv on the 1045th Day of the Full-Scale Invasion. 100 Photos of Ukraine 2024. Part 6.,0
0.321,0.679,0.0,-0.9695,"Soldiers of the 3rd Assault Brigade of the AFU found the phone of a killed Russian soldier who filmed on how his colleague Rudakov Oleg Igorevich (call sign ""Rudik"") gave criminal orders to Russian soldiers who were closer to the contact line, such as shooting and torturing the locals.",-1
0.232,0.71,0.058,-0.8442,"By the end of 2024, Russia (the world's second-largest army with the third-largest military budget) - failed to capture Donetsk Oblast after over 30 months of fighting; - failed to advance beyond a few kilometers in the border zone during its grand offensive on Kharkiv.",-1
0.0,0.824,0.176,0.836,"January 2 is the birthday of Isaac Asimov, one of the greatest science fiction writers. On this day, fans celebrate Science Fiction Day. We've put together a selection of Ukrainian authors in the genre whose works are now available in translation.",1
0.19,0.753,0.056,-0.6597,"Slovakia may reduce aid for Ukrainian refugees after halt in Russian gas transit, Slovakian PM Robert Fico warns. Fico described the suspension of Russian gas transit through Ukraine as ""Zelenskyy's sabotage"" and warned about possible cuts in support for Ukrainian refugees",-1
0.333,0.667,0.0,-0.9552,Oil leaks into the Pivdennyi Buh River following Russian strike on Mykolaiv in Ukraine. Russian attack drone crash caused damage to an oil tank and oil was spilled to the river going to the Black Sea. Another ecological disaster caused by Russian war.,-1
0.0,0.69,0.31,0.4019,Ukraine Ends Party for Europe‚Äôs Gas Addicts,1
0.0,0.884,0.116,0.7308,"Despite the war, there is still room for small New Year's miracles.I received a request from the military. They asked about 2 thermal imagers, and at the same time I received an amount from Roksolana that allowed me to buy them. Honestly, before I met the Reddit community I didn't know that could be",1
0.129,0.526,0.344,0.5423,Former U.S. Marine fights against Russia in a Special Unit of the Defence Intelligence of Ukraine,1
0.0,1.0,0.0,0.0,Ministry of Culture to appeal to UNESCO for mechanism to preserve Kyiv‚Äôs historical center,0
0.0,0.745,0.255,0.8732,"Dear Reddit!!! Just a few more words of gratitude from Andriy, for whom we bought the tyres and discs. They are already installed on the car. Thanks to everyone who made it possible.",1
0.0,0.84,0.16,0.2263,Hospitals in Ternopil region receive medical equipment worth over UAH 95M,1
0.0,0.709,0.291,0.9144,"The holidays are over, but I continue to receive words of gratitude from the military who received gifts from you for the New Year and Christmas. This time we would like to thank Monica for support:)",1
0.058,0.789,0.153,0.6219,"Hi, Reddit!!! About a week ago, together with you, we raised funds for 2 Starlink for a unit that is currently fighting in the Kharkiv region. The guys have received everything. We are once again grateful for your support :)))",1
0.0,0.828,0.172,0.4019,"Special raffle: russian patches...received...in Donbas. Proceeds fund a piggybank for the 80th, currently defending Kursk.",1
0.0,1.0,0.0,0.0,Why are there so many places named Andriivka?,0
0.167,0.833,0.0,-0.6369,"Two pendants from Vetal: one from an orc Ka-52 from the Battle of Hostomel, and one from an orc Su-25SM from the Battle of Kyiv. And one Ollie.",-1
0.0,0.683,0.317,0.8516,"Hello and Happy Holidays! Here are some of earrings and hair accessories I made of fabrics. (50% holiday sale is on, link in comments).",1
0.0,0.859,0.141,0.3182,Does anyone have the original video of this Ukrainian Su-25 flyby without music? Feb 2022,1
0.0,0.791,0.209,0.4404,"‚ÄòUkraine today is in the strongest position ever,‚Äô ex-foreign minister Kuleba says",1
0.307,0.693,0.0,-0.4767,Ukraine downs 2 Russian helicopters in sea drone attack,-1
0.0,0.864,0.136,0.6731,"First artwork I was created this year. Soon that‚Äôs will be sent to USA, TX. Text inside from Shevchenko, ‚Äú–Ü –Ω–∞ –æ–Ω–æ–≤–ª–µ–Ω—ñ–π –∑–µ–º–ª—ñ, –≤—Ä–∞–≥–∞ –Ω–µ –±—É–¥–µ, —Å—É–ø–æ—Å—Ç–∞—Ç–∞..¬ª. I‚Äôm open for orders, DM me here or in insta! kilderoff@gmail.com",1
0.15,0.85,0.0,-0.3182,"Russia loses key leverage over Europe after Ukraine halts gas transit, FM Sybiha says",-1
0.0,0.909,0.091,0.128,"A mobile air defense unit shoots down a Russian Shahed drone with small arms in the Kyiv oblast
",0
0.0,1.0,0.0,0.0,"Two Golden Marmots, a Fortress, and Sheaves of Wheat: New Heraldry Presented in the Zlatopil Community, Kharkiv Region",0
0.167,0.833,0.0,-0.296,Sanctions strategy 2025: how the EU plans to intensify pressure on Russia,-1
0.283,0.561,0.156,-0.6124," A math and science teacher, was beaten and subjected to electric shocks by the occupiers. She survived and hopes to return home, even though her village lies in ruins.",-1
0.0,0.767,0.233,0.8791,"Hi, community. Here‚Äôs how we‚Äôve been helping recently. Thank you so much for your support. We‚Äôre almost done raising funds to purchase an EcoFlow for the 78th Regiment. Let‚Äôs make it happen and support our troops during this challenging time! Make a donation via PayPal: catherinesk93@gmail.com",1
0.11,0.851,0.039,-0.5486,"[Drudkh, Black Metal] I made Lyric Videos with English Translation & Romanization for Drudkh's First Four Ukrainian-Language Albums. I thought it might make the songs easier to follow for some, but I'm not sure how helpful it is, as the songs are long. Should I finish all the albums?",-1
0.0,1.0,0.0,0.0,"Full cookbook from the Ukrainian Catholic Women's League, circa 1950s or 60s",0
0.065,0.783,0.153,0.6341,Christmas continues in Ukraine! This is the Medical Company of the 82nd Air Assault Brigade (and their cat!) receiving 50 Christmas gifts you helped provide. We have another round of gifts going out and you can still help soldiers get something special for the holiday season. See comments to donate!,1
0.2,0.8,0.0,-0.3612,"Ukraine strikes Russian command post in Kursk Oblast, General Staff claims",-1
0.0,1.0,0.0,0.0,"Statue made of a fragment of a Kh-47M2 ""Kinzhal"" hypersonic air-launched ballistic missile that was shot down by the MIM-104 Patriot in the sky over Kyiv on August 11, 2023",0
0.054,0.653,0.293,0.9325,"We leave no one behind. ‚ù§Ô∏è Thanks to your support, we were able to assist an elderly woman with mobility issues, ensuring her safety and dignity at the end of last year. As this new year begins, every contribution, every share, and every act of kindness make these efforts possible.",1
0.231,0.769,0.0,-0.5574,"Ukrainian Navy Destroys Over 37,000 Russian Drones and Sinks Five Ships in 2024",-1
0.0,0.792,0.208,0.2732,Ukraine‚Äôs electricity imports increased more than fivefold in 2024,1
0.0,0.824,0.176,0.7906,"President Zelenskyy: this year we add Syria to the list of strategic partners. As a result, I intend to increase trade with Lebanon. In 2025, we will increase our outreach to Africa. In 2024 we managed to increase exports by 15% adding $5 billion in comparison to 2023",1
0.145,0.718,0.137,-0.128,"Fiber-optic drones: can they change the course of Russia-Ukraine war? These FPV drones carry a special fiber-optic coil and are controlled via the wire by an operator. Key advantage of these UAVs: immunity to electronic warfare, as they don't rely on radio waves. There is no effective countermeasure",0
0.0,1.0,0.0,0.0,Looking for a video on YouTube ,0
0.0,1.0,0.0,0.0,"Ukraine to Include Syria as a Strategic Partner, Says Zelenskyy",0
0.28,0.72,0.0,-0.5423,Ukraine's Magura maritime drones destroy 2 Russian helicopters in Black Sea,-1
0.554,0.446,0.0,-0.9042,"Russian Guided Bomb Destroys Residential Building in¬†Zaporizhzhia Region, Killing One Person",-1
0.31,0.69,0.0,-0.4019,Losses of the Russian military to 2.1.2025,-1
0.281,0.719,0.0,-0.5994,How the Ukraine War could come to an end in 2025,-1
0.0,0.875,0.125,0.4574,7:58 AM; The Sun is Rising Over Kyiv on the 1044th Day of the Full-Scale Invasion. Here is your weekly Support Report!,1
0.133,0.867,0.0,-0.25,Ukraine struck hundreds of targets deep inside Russia in 2024. What did they achieve?,-1
0.208,0.792,0.0,-0.765,"Assault, 120mm mortar strikes, and capturing Russian forces‚Äî this is how the Vovchansk Aggregate Plant was liberated. One of 2024's toughest missions: clearing 40 buildings, led by GUR‚Äôs 'Timur Unit'. [NOELREPORTS video]",-1
0.187,0.813,0.0,-0.3182,"Russia has lost over 38,000 troops in Kursk Oblast, Syrskyi says",-1
0.0,1.0,0.0,0.0,From Nashville to Kherson. Why I Came to Ukraine,0
0.241,0.731,0.027,-0.9136,"Russia murders Ukrainians on New Year as it did on Christmas. Russia launched a New Year's Day drone strike on Kyiv on January 1, killing 2 people, wounding 6 others and damaging residential buildings in two districts, authorities said. Russians poured dozens of Shahed drones at Ukrainian cities.",-1
0.133,0.798,0.069,-0.296,"During President's New Year Address, names of Ukraine's fallen defenders were projected onto the Mother Ukraine Monument",-1
0.0,1.0,0.0,0.0,200 Ukrainian Pilots Complete F-16 Training in the UK,0
0.194,0.561,0.245,0.4588,Ukrainian intelligence gets cutting-edge stealth Hazard drone from American charitable organization Help Heroes of Ukraine. Hazard system includes 10 attack drones capable of striking enemy positions at long distance (100km). They can be equipped with warheads of different sizes and destroy armor.,1
0.0,1.0,0.0,0.0,"Revisiting a 90s Christmas Classic That Unites a Famous Ukrainian Song, a Trump Cameo, and Kevin McAllister's Ingenuity",0
0.211,0.621,0.168,-0.1779,Ukraine becomes party to the Rome Statute of the International Criminal Court,0
0.199,0.801,0.0,-0.7717,Ukrainian scientist PhD Ihor Zyma and his wife died in result of Russian air attack in Kyiv. He was working in field neurobiology and lectured in Shevchenko National University,-1
0.13,0.87,0.0,-0.128,Ukraine 'obliterates Russian command post' with New Year's Storm Shadow strike,0
0.262,0.738,0.0,-0.4404,'One of Moscow's biggest defeats' ‚Äî Zelensky on stopping Russian gas transit via Ukraine,-1
0.151,0.669,0.181,-0.0258,"We won‚Äôt forgive: 23-Year-Old Volunteer of NGO ""Strong Because Free,"" Pavlo Matviiets, was Killed in russian Shelling of Kherson on a New Year‚Äôs day. ",0
0.31,0.69,0.0,-0.6705,Children killed by russian bombings in the Sumy region in 2024,-1
0.296,0.509,0.194,-0.4939,‚ÄúRelentless Support for Ukraine Needed‚Äù: Dutch Defense Minister Brekelmans Condemns Russian New Year‚Äôs Day Attack,-1
0.153,0.847,0.0,-0.4404,Zelenskyy said 30% of the weapons and gear used by Ukraine's military in 2024 was domestically made,-1
0.0,0.707,0.293,0.6597,2024 for United24 in numbers: thank you for being a safe and reliable rear for Ukrainians,1
0.142,0.858,0.0,-0.126,Grandmother refuses to leave the front with her 12-year-old granddaughter!,0
0.206,0.794,0.0,-0.3818,"Ukraine Blocking Russian Gas Transit a¬†‚ÄúGeopolitical Victory,‚Äù Says Polish FM¬†Sikorski",-1
0.0,1.0,0.0,0.0,–ù–∞–ª—ñ–ø–∫–∏ –Ω–∞ –∫–ª–∞–≤—ñ–∞—Ç—É—Ä—É –±–µ–∑ —Ä–æ—Å—ñ–π—Å—å–∫–∏—Ö –ª—ñ—Ç–µ—Ä,0
0.412,0.588,0.0,-0.743,"Volunteers Record Over 90,000 Russian Combat Deaths in¬†War Against Ukraine",-1
0.0,1.0,0.0,0.0,"Ukraine has brought back 1,358 people from Russian captivity in 2024",0
0.091,0.798,0.11,0.128,"Moscow appanage was insignificant until in 1276 the Mongols gave it to Nevsky's son Danil as gift for collaboration, - Harvard Professor Richard Pipes",0
0.161,0.62,0.219,0.3291,"Happy New Year, friends. It‚Äôs the first sunrise of 2025, but the night was far from peaceful or festive, as russia attacked Kyiv, leaving casualties and fatalities. We have an ongoing fundraiser, and you can find information about it in the comments.",1
0.151,0.849,0.0,-0.1531,Ukraine Stops Russian Gas Transit as¬†of¬†January 1¬†at¬†7¬†AM,0
0.398,0.602,0.0,-0.6486,"Russia strikes Kyiv with drones: Fires broke out, casualties reported",-1
0.0,0.816,0.184,0.4019,Our brigade the ‚Äú1st Nordic separate tank brigade‚Äù needs help for getting equipment. ,1
0.0,0.501,0.499,0.6114,Kyiv morning. Happy New Year! ,1
0.31,0.69,0.0,-0.4019,Losses of the Russian military to 1.1.2025,-1
0.0,0.811,0.189,0.7597,"7:58 AM; The Sun is Rising Over Kyiv on the 1043rd Day of the Full-Scale Invasion. HAPPY NEW YEAR, r/Ukraine! Here are the top posts from 2024, 2023, and 2022.",1
0.044,0.661,0.295,0.91,"2025 will bring better prospects for Ukraine, says Millitary intelligence chief Kyrylo Budanov. For Ukraine, 2025 will undoubtedly be better than 2024, with the possibility of numerous ""positive events"", he says, and recalls his prediction of difficulties for 2024.",1
0.0,1.0,0.0,0.0,New Year's address by Ukrainian President Volodymyr Zelenskyy,0
0.0,0.634,0.366,0.6369,Defense of Ukraine on Twitter @DefenceU Happy New Year mode: ON ‚úÖ,1
0.0,0.519,0.481,0.5719,How Ukraine celebrates New Year ,1
0.0,0.702,0.298,0.5256,This made me quite proud to be an American. ,1
0.0,0.448,0.552,0.5719,"Happy New Year, guys",1
0.307,0.445,0.248,-0.3612,"Happy Birthday and RIP to Victoria Amelia, award winning author and war crimes investigator who helped expose and document Russian war criminals. Rip you legend. üíîüôèüá∫üá¶",-1
0.0,1.0,0.0,0.0,Full Transcript of President Zelenskyy‚Äôs New Year's Address,0
0.0,0.605,0.395,0.8777,"This is how we in Ukraine will remember 2024. Thank you, Reddit, for standing with us. Ukrainians truly appreciate your support!",1
0.057,0.793,0.151,0.5411,I made these Ukrainian staples for my partner and I to celebrate an end of a tough year. Let 2025 be the year of Victory! üíôüíõ,1
0.0,1.0,0.0,0.0,Teens raise money to ship toys they collected to children in orphanages in Ukraine ,0
0.0,1.0,0.0,0.0,Rent Prices Odesa Ukraine,0
0.275,0.602,0.123,-0.743,The only result that matters this year is the enemy forces destroyed. The Azov Brigade ends the year and starts the next with weapons in hand,-1
0.0,1.0,0.0,0.0,"Natalie Wood, 'West Side Story' film star, in her Ukrainian national dress",0
0.0,1.0,0.0,0.0,‚ÄòThe forest will survive‚Äô: the volunteers saving Kharkiv‚Äôs war-charred woodland,0
0.0,1.0,0.0,0.0,The President of Ukraine addressed the nation with a New Year‚Äôs message,0
0.0,0.725,0.275,0.7351,Danish King H.M. Frederik Rex the 10 spoke to the Importance of steadfast support for Ukraine in his first-ever New Year's speech.,1
0.0,1.0,0.0,0.0,"Two Arkansas veterans raise more than $500,000 for Ukraine
",0
0.0,0.592,0.408,0.7351,Thank you for our last fundraising and a Happy New Year everyone,1
0.0,0.629,0.371,0.7579,"Here‚Äôs to 2025: may it be all peace, all light, and all warmth",1
0.0,1.0,0.0,0.0,"FRANCE 24 English: Barrage of Russian missiles, drones hit multiple targets in Ukraine, including in Kyiv",0
0.0,0.589,0.411,0.4199,Thank you all for 2024!,1
0.0,0.761,0.239,0.296,US Veteran Helping Ukraine: How Volunteers Demine Ukraine,1
0.379,0.621,0.0,-0.6705,Oil depot on fire in Russia's Smolensk region following drone attack,-1
0.0,1.0,0.0,0.0,Russia Claims Use of Peklo Drones Against Them,0
0.0,0.816,0.184,0.4019,My brigade the ‚Äú1st Nordic separate tank brigade‚Äù needs help for getting equipment. ,1
0.0,0.841,0.159,0.8172,Hi all! The last photo report of this year about the work over the last 2 weeks. I also want to wish (Russian bots - you are passing byüòÅ) all the best to you all in the new year 2025. Scroll through the gallery üëâ Read the details in the first comment üëá,1
0.2,0.8,0.0,-0.3612,"Russian Forces Attempt to Bypass Pokrovsk, Launching Strikes on Nearby Settlements",-1
0.174,0.792,0.034,-0.8126,"Russia-Ukraine live war map: 2024 outcomes. It was a year of both loss and victory for Ukraine, as it endured tremendous sacrifices while dealing significant blows to Russia, bringing it closer to defeat. During 2024, both Ukrainian Armed Forces and Russian invading troops opened several new fronts",-1
0.0,0.842,0.158,0.128,Defense Forces Received 90 Ai-Petri EW Systems This Year,0
0.05,0.763,0.187,0.743,"From December 17th to December 26th, with transportation provided by HelpPeople and operations carried out by Angels of Salvation, we successfully completed critical evacuation and humanitarian aid missions in eastern Ukraine. üôè Thank you to all our donors and supporters.",1
0.084,0.726,0.19,0.4404,Ukrainian sea drone downs Russian helicopter with anti-air missile in first strike of its kind,1
0.0,0.737,0.263,0.8955,"Dear Reddit, Happy New Year to everyone, and as always, a little report. Yesterday we raised funds to buy medicine for colds. Today these medicines will be sent to the frontline. Thank you very much for your support!",1
0.112,0.746,0.142,0.0516,Iryna Filkina was killed in Bucha in the spring of 2022 during the Russian occupation. She was identified by her red manicure after Reuters published a photo of her hand with brightly painted nails.,0
0.123,0.764,0.114,-0.128,"A 12-year-old boy, Maksym Shaulskyy, was killed by a russian missile together with his grandmom 3 months ago. He dreamt to hug his brother Mykyta who was in russian captivity at the time. Yesterday, Mykyta came back home. Unfortunately, little Maksym will only see it from heaven because of russia.",0
0.0,1.0,0.0,0.0,Zelensky dismisses Presidential Office deputy head,0
0.0,1.0,0.0,0.0,Ukrainian Naval Drone Hits Russian Mi-8 for First Time,0
0.2,0.8,0.0,-0.128,Drones Strike Oil Depot in Smolensk Region,0
0.114,0.826,0.059,-0.3818,"Ukrainian drones attacked an oil depot in Smolensk region‚Äîa fire reported is in Yartsevo district. Over a dozen powerful explosions were heard. According to the regional governor, ""fragments of one drone fell on the oil depot, causing a fuel spill and ignition of lubricants.""",-1
0.14,0.86,0.0,-0.7351,"Ukraine has achieved a world first by destroying an airborne target with a Magura V5 naval drone equipped with R-73 short range air to air missiles, during a battle near Cape Tarkhankut, Crimea, a Russian Mi-8 helicopter, with another Russian helicopter also reportedly hit",-1
0.0,1.0,0.0,0.0,Ukraine shot down russian helicopter with missile from sea drone! - HUR,0
0.0,1.0,0.0,0.0,"Ukraine shot down 21 Russian drones overnight, Air Force reports",0
0.31,0.69,0.0,-0.4019,Losses of the Russian military to 31.12.2024,-1
0.0,1.0,0.0,0.0,Partisans allegedly set ablaze two trains near Moscow destined for occupied Ukrainian territories,0
0.0,1.0,0.0,0.0,7:59 AM; The Sun is Rising Over Kyiv on the 1042nd Day of the Full-Scale Invasion. 100 Photos of Ukraine 2024. Part 5.,0
0.0,1.0,0.0,0.0,Starlink direct to cell coming to Ukraine,0
0.0,1.0,0.0,0.0,"Ukraine received over $41 billion in international aid in 2024, finance minister says",0
0.0,0.839,0.161,0.3612,Another shipment of more than 1000 Latvian made drones ready to go to Ukraine,1
0.0,0.847,0.153,0.6486,"Ukraine boosts exports in 2024, with EU remaining key trading partner. In 2024, Ukraine's exports increased by at least 13.4% in monetary terms. The country exported 129.2 million tons of goods worth $41.043 billion, Ministry of economy said.",1
0.0,0.563,0.437,0.4767,Proud to be part Ukrainian ,1
0.0,1.0,0.0,0.0,"Monthly German artillery shell deliveries to Ukraine.In December, Germany delivered another 52,000 155mm shells to Ukraine, as production keeps increasing.",0
0.024,0.631,0.345,0.946,"11 fighters from Azov Brigade among 189 Ukrainian defenders freed in pre-New Year swap. After over 2 years in captivity, they return home, including those who defended Mariupol. We honor their courage and hope for all prisoners‚Äô freedom in 2025.",1
0.0,1.0,0.0,0.0,"Russian army advances near Kurakhove, Novoelizavetivka in Donetsk Oblast",0
0.0,0.909,0.091,0.128,"Ukraine to¬†Receive $1.25 Billion in¬†US¬†Military Aid Including Munitions, Air Defense, and Anti-Tank Missiles",0
0.0,0.714,0.286,0.5267,U.S. to provide Ukraine with USD 15B secured by frozen Russian assets ‚Äì PM,1
0.0,0.905,0.095,0.4215,"Residents of the Rivne region welcomed Azovstal defender Artur Niverchuk with the national anthem. He spent nearly 900 days in Russian captivity, and before the exchange, the Kremlin regime had ""sentenced"" him to life imprisonment. [WarTranslated (Dmitri) video]",1
0.0,1.0,0.0,0.0,"Last night, Ukraine targeted the ""Druzhba"" oil pipeline in Bryansk region, a key route for oil supplies to Europe through Belarus. Reportedly the new Peklo missile-drone was used. [NOELREPORTS]",0
0.0,0.593,0.407,0.6705,United States announces $3.4B in direct budget support for Ukraine,1
0.314,0.686,0.0,-0.4939,Bomber Drone Destroyed 9–ê310–ú1-2 TELAR of Buk-–ú1-2 SAM,-1
0.067,0.776,0.157,0.4939,"Czech president Petr Pavel is eating a can of canned food which Ukrainian defenders sent to him with a messages of gratitude for Czech military help to Ukraine. Czechia was the first one who sent tanks, howitzers and attack helicopters to Ukraine. ",1
0.049,0.653,0.298,0.9392,"Merry Christmas from Ronin Team! They need some help getting a trailer to transport broken vehicles and NVGs. To give thanks, they have this amazing photo to send to donors as well as signed flags. See the comments for how to support them and get a flag and polaroid photo.",1
0.028,0.943,0.03,0.0258,"87 Ukrainian Armed Forces servicemen were released (including 17 Troops), 43 - National Guard, 33 - DPSU, 24 - Navy and two civilians who were captured in Mariupol. Fighters - defenders of Mariupol, Zmeinogo Island, all 5 hot directions. 173 privates and sergeants and 14 officers were released.",0
0.0,1.0,0.0,0.0,"Hello! Our boys from Donbas. Reminder: we are currently raising funds to purchase an EcoFlow charging station. We only need $2,000, and so far, we have already raised $341. You can donate via PayPal: catherinesk93@gmail.com
",0
0.0,1.0,0.0,0.0,Ukraine brings back 189 people from Russian captivity,0
0.0,0.769,0.231,0.34,Biden announces $2.5 billion security assistance package for Ukraine,1
0.082,0.713,0.205,0.7579,"Roman Oleksiv, a boy who survived a missile strike on Vinnytsia on July 14, 2022, took off the special mask he had worn for two years. He underwent 27 surgeries and spent more than 100 days in intensive care.",1
0.0,1.0,0.0,0.0,US announces $2.5 billion in new military aid for Ukraine,0
0.0,0.795,0.205,0.8197,"Dear Reddit! We have already purchased medicine to help with concussions for a stabilisation unit at the front line. But at the same time, we really need cold medicine, and I would like to buy $500 worth of it. More in the comments.NFSW",1
0.0,1.0,0.0,0.0,This Is How It Feels To Be In Ukraine At Christmas,0
0.0,0.741,0.259,0.5423,Why Trump's 2025 Peace Plan Puts US & NATO Troops In Ukraine,1
0.0,1.0,0.0,0.0,$2 Tuesday raffle extended to tomorrow! Details inside!,0
0.412,0.588,0.0,-0.6808,Russian attacks in Kharkiv region injured 3 people over past day,-1
0.0,1.0,0.0,0.0,A Siberian Woman‚Äôs View on American Aid to Ukraine,0
0.0,1.0,0.0,0.0,The US Announces Almost $2.5 Billion in Military Aid to Ukraine,0
0.0,0.769,0.231,0.8934,"From December 16 to 26, thanks to the transportation provided by HelpPeople and the operations carried out by ""Angels of Salvation"" Charity, crucial humanitarian missions were conducted in eastern Ukraine üôè A heartfelt thank you to all donors and partners who made these missions possible. ",1
0.043,0.685,0.272,0.8934,"Statement from President Joe Biden on U.S. Support for Ukraine‚Äôs Defense | The White House: Today, I am proud to announce nearly $2.5 billion in security assistance for Ukraine, as the Ukrainian people continue to defend their independence and freedom from Russian aggression.",1
0.0,1.0,0.0,0.0,"Ukraine, the first delegation to meet the new Syrian government üá∫üá¶",0
0.256,0.744,0.0,-0.4767,Soldiers of 37th Brigade Repel Another Attack in Kurakhove Sector,-1
0.0,1.0,0.0,0.0,"Syria eyes 'strategic' ties with Ukraine, Kyiv vows more food aid shipments",0
0.0,1.0,0.0,0.0,Ukrainian Foreign Minister Meets With New Syrian Leadership in Damascus,0
0.066,0.466,0.468,0.9401,"¬´I love you!¬ª / ¬´Azov loves you too!¬ª Watch the evacuation of a heavily wounded soldier under constant fire ‚Äì the true cost of peaceful holidays
",1
0.167,0.598,0.235,0.1531,Peace or nothing? What Trump's preparing for Ukraine and what's the chance of ending war in 2025,0
0.0,0.847,0.153,0.7712,"Hi, Reddit! Once again, the tireless women from Grabivka are preparing delicious home-cooked food for the military on the holiday :))). They chopped up some New Year's salads and made some pastries. The salad recipe is in the comments:)",1
0.0,1.0,0.0,0.0,Ukrainian Forces Use Drones Armed with Shotguns to Target Russian UAVs,0
0.0,1.0,0.0,0.0,Zelenskyy Pays Tribute to Former US President Jimmy Carter,0
0.0,0.84,0.16,0.2263,Latvia Has Prepared New Batch of Thousands of Drones for Ukraine,1
0.128,0.872,0.0,-0.3612,A Ukrainian soldier keeps a photo of his wife in his helmet - a constant reminder of what he is fighting for üíï,-1
0.203,0.621,0.175,-0.128,Ukrainian Intelligence Destroys Key Russian Telecom Equipment and Rail Infrastructure Across Multiple Regions,0
0.205,0.683,0.112,-0.7003,"""He Was Buried in a Day Like a Dog"". The story of the life and death of Oleksandr Yakushchenko, a teenager who was taken from Ukraine to Russia and committed suicide in his foster home",-1
0.394,0.606,0.0,-0.5994,Can Ukraine face another year of war?,-1
0.31,0.69,0.0,-0.4019,Losses of the Russian military to 30.12.2024,-1
0.0,1.0,0.0,0.0,"The Mysterious Temple from Prehistoric Ukraine - This vid attempts to demystify the ancient architecture that was built by the Catacomb Culture of Bronze Age Ukraine, who descended from the famous Yamnaya. It focuses on a 4,000 year-old structure built atop a high ridge on a river near the Azov Sea.",0
0.0,1.0,0.0,0.0,7:59 AM; The Sun is Rising Over Kyiv on the 1041st Day of the Full-Scale Invasion. 100 Photos of Ukraine 2024. Part 4.,0
0.0,0.588,0.412,0.6369,Best online shops to buy Ukraine products ,1
0.153,0.847,0.0,-0.69,"On this day, in 2022 russians murdered in cold blood the unarmed Moldavan-born Ukrainian POW Oleksandr Ihorovych Matsievskyi and posted the video online. –ù–µ –∑–∞–±—É–¥–µ–º —ñ –Ω–µ –ø—Ä–æ–±–∞—á–∏–º!",-1
0.0,1.0,0.0,0.0,Ukraine cannot give up any territory,0
0.0,0.816,0.184,0.6369,"Ukraine receives over ‚Ç¨150 million in defense funding from Denmark, France, Lithuania. Defense Minister Rustem Umerov says that Ukraine has received over ‚Ç¨150 million from three allied nations from the EU to support its defense industry.",1
0.123,0.758,0.118,-0.0258,The Deadliest F-16 –†ilot in History. Interview With Dan 'Two Dogs' Hampton Who Ready to Fight for Ukraine ,0
0.0,1.0,0.0,0.0,‚ú® $1–û–ö for UA: UPDATE! ‚ú®,0
0.0,0.636,0.364,0.6486,"Poland prepared to increase energy exports to Ukraine in place of Slovakia, Bloomberg reports",1
0.0,0.675,0.325,0.5106,"Ukraine secures over $156 million for defense industry from European allies, defense minister says",1
0.208,0.618,0.174,-0.1531,Ukraine's intelligence reports destruction of Russian telecommunications equipment in occupied Donetsk Oblast ‚Äì video,0
0.286,0.714,0.0,-0.34,Fragmented financial oversight undermines Ukraine‚Äôs economic future,-1
0.0,0.811,0.189,0.2716,Why is my life considered more important than a Ukrainian life?,1
0.243,0.757,0.0,-0.6705,"More than 1,300 civilian residents of Kyiv were killed since Russia invaded Ukraine in 2022",-1
0.0,1.0,0.0,0.0,Brave1 Tests German Shahed Drone Interceptor,0
0.067,0.799,0.135,0.3786,"Hi all! Last one in 2024. In Kyiv, on Sunday, December 29, at Sofiyska Square near the main Christmas tree, relatives and friends of the captured defenders of Azovstal, as well as concerned citizens, gathered. People took part in the rally, Don‚Äôt Stay Silent! Captivity Kills.",1
0.0,1.0,0.0,0.0,"What really happened with the Russians in the zone, where monsters and mutants exist in the virtual world, and how has this been reflected in the game",0
0.051,0.808,0.141,0.4019,"Operators of Ukraine's 73rd Naval Special Forces Center launched a massive drone strike on Russian positions, vehicles, and shelters in Pidstepne, on Kherson's occupied left bank. [NOELREPORTS video]",1
0.0,1.0,0.0,0.0,Ukraine received the most modern czech 155mm self propelled howitzers DITA. Here in service in AZOV brigade. Ukraine will receive 15 DITA howitzers in total. ,0
0.0,0.911,0.089,0.6239,"Today we sent 200+ Christmas gifts to soldiers at the front line. They got snacks, things to keep warm, and hygiene supplies. We decided to keep this going longer because we still have more requests to fill. This is 501c3 compliant, see how to donate in the comments. You can also send gift cards!",1
0.174,0.674,0.153,-0.2023,"Some available canvases. Also have some New Year gift boxes, and painted destroyed enemy artefacts. Dm me here or insta, I will send you photos and another info :) mail: kilderoff@gmail.com",-1
0.211,0.789,0.0,-0.4939,DIU Destroyed Communication Equipment in Occupied Territory and Blew Up Train in Russia,-1
0.0,1.0,0.0,0.0,A website to donate to specific Ukrainian regiments/groups?,0
0.0,0.804,0.196,0.8074,We at the 159th Separate Mechanized Brigade need to replace the tires for the winter ones and keep our transport maintained to keep transporting our personnel. Anyone's help is appreciated. Please find the details in the comments,1
0.139,0.57,0.291,0.34,Poland Ready to¬†Step Up¬†if¬†Fico Cuts Off Energy to¬†Ukraine,1
0.0,0.816,0.184,0.2023,Ukraine This Year: the top moments that shaped 2024,1
0.133,0.867,0.0,-0.3818,Production at Russian Oil Refineries and Oil Production Fell to Their Lowest Levels in More Than 10 Years,-1
0.31,0.69,0.0,-0.3818,"Russia may escalate hybrid warfare near NATO borders, Yermak warns",-1
0.278,0.722,0.0,-0.4019,Zelenskyy Expresses Condolences Following South Korea Plane Crash,-1
0.0,1.0,0.0,0.0,"Child casualties in Ukraine within 9 months of 2024 surpass 2023 figures, UN reports",0
0.167,0.775,0.058,-0.6705,"This is a gentle reminder to donate to U24.gov [ 7-year-old Mykhailo and 9-year-old Vira say goodbye to their home with tears in their eyes, Due to constant enemy shelling, they, along with their mother, were forced to evacuate from the frontline town of Udachne.]",-1
0.0,1.0,0.0,0.0,"Kyiv running out of ATACMS missiles, NYT reports",0
0.0,1.0,0.0,0.0,Russia Has Started Using New Unknown SPG,0
0.0,1.0,0.0,0.0,Does anyone know any reputable dog hotels?,0
0.0,0.829,0.171,0.5106,The 46 brigade needs asap a strong 32gb ram laptop.. here I was making sandwiches for them at kurokhove ,1
0.0,1.0,0.0,0.0,"Igor Sikorsky set a world speed record of 113 km/h on his plane in Kyiv, Dec 29, 1911
",0
0.045,0.589,0.366,0.9432,"President Zelenskyy Honored Warriors with the Highest State Awards including to Families of Fallen Defenders of Ukraine . Posthumously awarding the golden star award to fighter pilot Andrii Pilshchykov, also known as Juice,which his mother accepted. Make sure to read the action reports",1
0.31,0.69,0.0,-0.4019,Losses of the Russian military to 29.12.2024,-1
0.0,1.0,0.0,0.0,7:58 AM; The Sun is Rising Over Kyiv on the 1040th Day of the Full-Scale Invasion. 100 Photos of Ukraine 2024. Part 3.,0
0.0,1.0,0.0,0.0,The Story of Ukraine‚Äôs Heavy Bombers: How Russia uses them against Ukraine,0
0.0,1.0,0.0,0.0,–ü—Ä–∏–≤—ñ—Ç! I have a question about tea.,0
0.0,0.757,0.243,0.8633,"Amazing news story about ENGin volunteer & Redditor Sam Aldershof. From the ENGin team in Ukraine, a huge THANK YOU to our Redditor volunteers. You are changing Ukrainians' lives through just 1 hour of videochat a week!",1
0.248,0.715,0.038,-0.8948,"""It seems that Putin instructed Fico to open 2nd energy front against Ukraine at expense of Slovakian people"": Ukrainian President Zelenskyy responded to Slovak PM's threat to cut off electricity supply to Ukraine. Fico is disappointed Russian gas transit through Ukraine stops, so he wants revenge.",-1
0.222,0.704,0.074,-0.8702,"U.S. may increase pressure on Russia‚Äôs energy sector to hurt war effort, says Former US State Department Coordinator for Sanctions Policy, Daniel Fried. ""Next move may come as the Biden administration prepares and announces its final set of sanctions against Russia,"" he stated. Can it be so painful?",-1
0.298,0.403,0.298,0.0,Ukrainian troops celebrate a grim Christmas in Kursk,0
0.0,1.0,0.0,0.0,"At the railway station in the settlement of Voskresensk, Moscow Region, partisans blew up the carriages of a freight train, which was used to provide logistics for the Russian army. [Special Kherson Cat video]",0
0.0,1.0,0.0,0.0,Greece to send 24 Sea Sparrow missiles to Ukraine as part of its military aid package. [NOELREPORTS; link to article],0
0.315,0.685,0.0,-0.3182,"Ghost of Christmas [Boris Groh, 2024]",-1
0.408,0.592,0.0,-0.7845,"North Korean soldiers kill themselves to avoid capture in Ukraine, U.S. says",-1
0.0,0.781,0.219,0.4215,Ukraine Receives First LNG Shipment from the United States via Greece,1
0.0,1.0,0.0,0.0,Ukrainian Cleanliness vs Russian Filth: 'I'd rather dine on the floor of a Ukrainian house than on the table of any Russian prince',0
0.263,0.737,0.0,-0.3612,Storm Shadow Strikes Shahed Kamikaze Drone Maintenance Facility,-1
0.247,0.753,0.0,-0.5574,"Ukraine destroys drone storage facility in Russia's Oryol Oblast, General Staff reports",-1
0.207,0.793,0.0,-0.5256,Zelenskyy: ‚ÄúFico Is¬†Dragging Slovakia Into Russia‚Äôs Attempts to¬†Cause More Suffering for Ukrainians‚Äù,-1
0.0,0.787,0.213,0.2263,A warm Christmas celebration at our shelter in Dnipro,1
0.0,1.0,0.0,0.0,Taiwan pledges US$5 million aid for medical facility renovation in Ukraine ,0
0.201,0.694,0.104,-0.34,Ukrainian Defense Forces Repel One of the Largest Attacks in Bakhmut Area,-1
0.0,0.752,0.248,0.7644,"üôè On December 25,Help People, carried out the delivery of food packages for our defenders. Thank you to everyone who supports us in this important mission. Together, we can do more!",1
0.0,0.833,0.167,0.1531,"‚ÄòI don‚Äôt want flowers, I want my Ukraine‚Äô: women‚Äôs acts of resistance against Russian occupation | Ukraine",0
0.0,0.763,0.237,0.4767,"Ukrainian drones can hit targets 2,000 km away, military intelligence claims",1
0.31,0.69,0.0,-0.4019,Losses of the Russian military to 28.12.2024,-1
0.0,1.0,0.0,0.0,Ukrainian towns named after western cities?,0
0.0,0.752,0.248,0.5106,"From a free Damascus, Syrians with messages to the people of Ukraine ",1
0.0,1.0,0.0,0.0,7:58 AM; The Sun is Rising Over Kyiv on the 1039th Day of the Full-Scale Invasion. 100 Photos of Ukraine 2024. Part 2.,0
0.0,1.0,0.0,0.0,What's the name of this song,0
0.375,0.625,0.0,-0.5859,Slovakia Threatens Ukraine With Power Cuts Over Gas Flow Halt,-1
0.0,1.0,0.0,0.0,Ukraine's Education Ministry: over 150 underground and vocational schools are being built in Ukraine,0
0.0,1.0,0.0,0.0,Large Numbers Of Leopard 1 Tanks Are Finally Arriving In Ukraine,0
0.0,1.0,0.0,0.0,Is the IMF Ukraine's economic coach or just lender,0
0.0,1.0,0.0,0.0,What is this Ukrainian song?,0
0.172,0.828,0.0,-0.4019,"Zelenskyy Offers Condolences to Azerbaijan Following Airlines Crash, Calls for Investigation on Russia‚Äôs Interference",-1
0.162,0.838,0.0,-0.4767,93rd Brigade of Ukraine repels Russian AFV column attack on the Bakhmut front. [Special Kherson Cat video],-1
0.0,1.0,0.0,0.0,"Hi all! A new photo from the front lines from our soldiers. Reminder: we are currently raising funds to purchase an EcoFlow charging station and its accessories. We only need $2,000, and so far, we have already raised $276. You can donate via PayPal: catherinesk93@gmail.com",0
0.15,0.784,0.066,-0.5312,"Ukraine Aid Operations - With the help of r/Ukraine, we collected almost 50% for critical thermal cameras for the 3rd Assault Brigade! Check the work of the drone warriors in the video (link in the comments)...",-1
0.0,1.0,0.0,0.0,2024: Ukraine in photos,0
0.0,1.0,0.0,0.0,"Statue made of debris of a Russian Kh-22 ""Storm"" supersonic cruise missile which was intercepted in Ukraine on April 19, 2024, by the MIM-104 Patriot. Find my details in comments if you're willing to purchase it. I ship from Ukraine worldwide",0
0.0,1.0,0.0,0.0,Ukrainian Pilots Complete Training on Mirage 2000-5Fs in France,0
0.226,0.774,0.0,-0.5423,"North Korean Troops Suffer 1,000 Casualties in a Week in Russia's Kursk, US Reports",-1
0.0,1.0,0.0,0.0,"Curiosity: The SAMP/T system delivered by Italy to Ukraine was part of the 4th Anti-aircraft artillery regiment ""Peschiera"" which has a Ukrainian tryzub in its coat of arms",0
0.0,0.884,0.116,0.6209,"Remember Giraffe from Rubpak, an FPV unit with the 25th who need ALL their FPV gear replaced? You contributed USD 12,000 (!!!!) to get them back on their feet. His thanks inside!",1
0.0,1.0,0.0,0.0,"Ukraine receives $485 million in humanitarian aid from USAID, World Bank",0
0.0,1.0,0.0,0.0,"Unbowed by Russian invasion, Ukraine selects 'La Palisiada' as Oscar Submission as film industry flourishes",0
0.0,0.614,0.386,0.7425,Trying to identify a painting from Ukraine. Any help would be greatly appreciated. ,1
0.281,0.719,0.0,-0.5994,Biden administration pledges additional military aid to Ukraine amid Russia war,-1
0.0,1.0,0.0,0.0,"Oz Katerji asks Syrians on the street, what message would they say to the Ukrainians. ",0
0.477,0.523,0.0,-0.8074,Soldiers of the 225th Assault Battalion capture an enemy position,-1
0.0,1.0,0.0,0.0,"Construction of fortifications in Zaporizhzhia complete, Shmyhal says",0
0.109,0.891,0.0,-0.296,"Letter from Hyung-Seung Lee, a former North Korean soldier, describing how Ukraine could use psychological warfare against North Korean forces",-1
0.201,0.799,0.0,-0.7935,"War on children: How Russia is stealing generations of Ukrainians. When Russia takes Ukrainian kids from their homes, mothers have no choice but to risk their lives trying to bring them back. Reportage on forceful deportations of children by invaders.",-1
0.184,0.816,0.0,-0.4019,"Russian Drone Targets the Market in Nikopol, South Ukraine. Injured at Least 8 Civilians",-1
0.0,1.0,0.0,0.0,Kyiv Christmas celebration,0
0.0,0.759,0.241,0.5423,Poll: 45% of Ukrainians believe Trump's victory brings peace to Ukraine closer,1
0.569,0.431,0.0,-0.8979,How Russia's 'death by a thousand cuts' tactics stress Ukraine's dangerously undermanned front-line forces,-1
0.0,1.0,0.0,0.0,A painting for a local auction,0
0.0,1.0,0.0,0.0,"Ukranian soldiers and kittens, twitter thread",0
0.0,0.764,0.236,0.5267,"Ukraine repelling Russian attempt to gain foothold in Kherson Oblast, military says",1
0.0,0.72,0.28,0.5423,"Ukraine completes preparations for second peace summit, Foreign Ministry says",1
0.0,0.845,0.155,0.296,Ukraine to Restore Diplomatic Relations With Syria if New Government Reverses Assad's Stance,1
0.0,0.632,0.368,0.9347,"üôè Thank you for your support! Thanks to your contributions, we‚Äôve been able to reach areas near the front lines, evacuating as many people as possible. Help us reach more people, Donate or Share this post to increase our reach. Every action counts! üíô",1
0.0,1.0,0.0,0.0,"Ukraine sends 500 tons of wheat flour to Syria under humanitarian program, Zelensky says",0
0.521,0.479,0.0,-0.8225,"Governor: Russian attacks kill 2, injure 4 in Kharkiv region",-1
0.0,1.0,0.0,0.0,"First Ukrainian Legion unit trained in Poland deployed to Ukraine, ambassador says",0
0.304,0.696,0.0,-0.5423,General Staff: Russian army conducts 9 assaults on Kupiansk axis,-1
0.462,0.538,0.0,-0.7184,Zaporizhzhia region: Three Russian officers killed by precision strike,-1
0.0,1.0,0.0,0.0,Athenian-type helmet from Scythian barrow in Ukraine,0
0.386,0.457,0.157,-0.6705,"3 senior Russian officers killed in HIMARS, drone attack, Ukraine‚Äôs military intelligence says",-1
0.0,1.0,0.0,0.0,Questions about the territorial reform in Ukraine,0
0.0,1.0,0.0,0.0,North Korean soldier captured in Ukraine dies: reports ,0
0.0,0.838,0.162,0.4767,South Korean intelligence confirms the capture of the first DPRK soldier by the Armed Forces of Ukraine,1
0.322,0.678,0.0,-0.5859,The 82nd Air Assault Brigade received 140 Mavic 3 drones,-1
0.0,1.0,0.0,0.0,"I could immediately identify this as Dakhabrakha, but which song is this?",0
0.31,0.69,0.0,-0.4019,Losses of the Russian military to 27.12.2024,-1
0.0,1.0,0.0,0.0,7:58 AM; The Sun is Rising Over Kyiv on the 1038th Day of the Full-Scale Invasion.  100 Photos of Ukraine 2024.  Part 1.,0
0.266,0.645,0.089,-0.6597,Finland detained an oil tanker it says was part of Russia's 'shadow fleet' helping fund its war in Ukraine,-1
0.0,0.667,0.333,0.3612,Religion and its importance to Ukrainians ,1
0.0,1.0,0.0,0.0,What last names would be common in the Ukrainian part of Bukovina??,0
0.341,0.583,0.076,-0.7845,A message from the people of Ukraine to the long and growing list of Russian war criminals.,-1
0.0,0.804,0.196,0.8655,"Hello, community. Recently, you asked us to share more content from different cities. I want to show you a video from the city of Bucha in Kyiv Oblast. When rusia invaded Ukraine in 2022, this city was under occupation. Now, it has a festive atmosphere. It's a very beautiful city. Ask anything.",1
0.0,0.839,0.161,0.3182,"Pope Accepts Invitation to Visit Ukraine, Says Head of Ukrainian Greek Catholic Church",1
0.0,0.829,0.171,0.8353,"Ukraine Aid Operations December 2024 Update - Happy Holidays from the UAO team! In this newsletter, you can read about: (1) Our latest work in Ukraine, (2) Interview with a drone pilot, (3) How to donate while also saving taxes, (4) Insight into night and thermal vision devices!",1
0.0,1.0,0.0,0.0,„Äò1988-2023 Avant-Folk„ÄôDiscography of the band Cukor Bila Smert' and the band's vocalist Svitlana Nianio,0
0.0,0.812,0.188,0.7351,Benefits of Ukraine‚Äôs EU integration are obvious ‚Äî these are tangible social and economic transformations. Member of European Parliament Paulius Saudargas tells Espreso about prospects of Ukraine's accession to EU. He also shared Lithuania‚Äôs experience.,1
0.0,0.739,0.261,0.5574,Ukraine receives first $1 billion as part of US batch of frozen Russian assets profits,1
0.0,1.0,0.0,0.0,"Ukrainian Forces Capture North Korean Soldier, Russian APCs and Documents on Kursk Oblast",0
0.0,0.5,0.5,0.7906,üéÖüíôüíõ Glory to Ukraine üá∫üá¶ Glory to the Hero's ,1
0.0,0.567,0.433,0.7274,Ukrainians celebrate Christmas despite Russian air attacks across the country,1
0.0,1.0,0.0,0.0,Small caliber keychains painted in flag colors of some of Ukraine's closest allies.,0
0.262,0.738,0.0,-0.4939,Toretsk is yet another city destroyed by the Russian army,-1
0.0,0.353,0.647,0.6696,Thank you for your help!,1
0.119,0.881,0.0,-0.1779,The UAC is believed to have delivered between 12 and 14 new Su-34 strike fighters to the Russian Aerospace Forces in 2024,0
0.247,0.604,0.148,-0.4215,Ukrainian Special Forces reveal new notes from North Korean soldier killed near Kursk,-1
0.0,1.0,0.0,0.0,Lex Fridman Arrives in Kyiv for Interview With President Zelenskyy,0
0.0,0.845,0.155,0.5399,"It's the Tuesday raffle! Up this week: a patch from the 93rd, a Grad rocket scrap pendant, and a GUR gift box extravaganza!",1
0.13,0.87,0.0,-0.5411,"Got leftover HSA/FSA funds you need to use or lose? We have a wishlist of HSA/FSA-eligible tacmed supplies that are in high demand in Ukraine, and plenty of homes for all of it!",-1
0.0,0.92,0.08,0.4588,I often write about a local lyceum that packs snacks for the military all year round (thanks to your support). Today I want to show you the work of the kindergarten. They start their work in winter. They are making trench candles (paraffin wax was purchased again with your support ‚ò∫Ô∏èüíï),1
0.0,1.0,0.0,0.0,Soldiers of the 28th Brigade capture an Egyptian mercenary near Kurdiumivka,0
0.0,0.825,0.175,0.8172,"Hi Reddit! I have a request from the Kharkiv region. The guys need to provide communication for 2 positions. Most of the equipment has been purchased. The only thing left is 2 Starlink ($900). If you have the opportunity and desire to support the guys, see comments.",1
0.0,1.0,0.0,0.0,Ukrainian Bison ,0
0.0,1.0,0.0,0.0,"Ukraine hits ballistic missile propellant plant in Rostov Oblast, Stratcom reports",0
0.097,0.818,0.085,-0.1007,Ukraine support shown from Guerilla Games (the G logo) in Horizon: Forbidden West that sold almost 10 mil. copies. Decided to post this after the Cyberpunk post. Sl√°va Ukrajine!,0
0.222,0.778,0.0,-0.7506,Today in Nikopol. Russian troops struck the central market of the city. 6 people were injured - 4 women and 2 men. The injured were given first aid and transported to the hospital.,-1
0.0,0.834,0.166,0.4201,"What Russian Occupation Is Really Like, According to Ukrainians Who Have Already Lived Through It",1
0.394,0.606,0.0,-0.7579,"Far from the front lines, Ukrainians fight a war to preserve their culture",-1
0.304,0.696,0.0,-0.5423,General Staff: Russian army conducts 7 assaults on Kupiansk axis,-1
0.0,1.0,0.0,0.0,"Dan Davis History: ""The Mysterious Temple of Prehistoric Ukraine"" (2024)",0
0.172,0.828,0.0,-0.3612,"Drone strikes ship captured by Russia in 2014 in Crimea, local media reports",-1
0.179,0.821,0.0,-0.34,DPRK soldiers are taught to shoot down FPV drones ‚Äúon live bait‚Äù,-1
0.0,0.87,0.13,0.6597,Special Operations Forces of Ukraine showed one of the manuscripts of a North Korean special forces soldier. Private Hyong Hong Jong described the tactics of shooting down drones and the methods of sheltering from Ukrainian artillery (details in comments),1
0.047,0.898,0.055,0.1027,"Ukraine will receive tens of thousands of combat drones from Western partners in January 2025. This will take place as part of the Maritime and Unmanned Capability Coalition, led by the United Kingdom with Norwegian and Latvian partners. The Allies will also continue to train the Ukrainian military.",0
0.333,0.667,0.0,-0.6705,Ukrainian poet and prose writer Oleksii Bezpaltsev killed in action,-1
0.31,0.69,0.0,-0.4019,Losses of the Russian military to 26.12.2024,-1
0.0,0.677,0.323,0.9231,7:58 AM EEST; The Sun is Rising Over Kyiv on the 1037th Day of the Full-Scale Invasion. We're thankful for your steadfast support of our Verified charities and volunteers. Here is your weekly Support Report.,1
0.444,0.556,0.0,-0.7506,Kellogg condemns Russia's mass attack against Ukraine on Christmas Day,-1
0.217,0.783,0.0,-0.6908," ""–í–±–∏–π –º–µ–Ω–µ ‚Äì —è –Ω–µ –∑–¥–∞–º—Å—è"" - —Ü–∏—Ç—É—é—á–∏ –≤—ñ—Ä—à –õ–µ—Å—ñ –£–∫—Ä–∞—ó–Ω–∫–∏  ""Kill me - I will not surrender"" - quoting Lesya Ukrainka's poem - 1942 ",-1
0.0,1.0,0.0,0.0,How does Ukrainian celebration of Christmas differ from the rest of the world,0
0.0,1.0,0.0,0.0,Why ‚ÄòFinlandization‚Äô Is Not About Neutrality and Why This Scenario Is Unsuitable for Ukraine,0
0.0,0.546,0.454,0.8172,Merry Christmas! How many Ukrainians celebrate on the 24th/25th of December?,1
0.333,0.667,0.0,-0.6124,Ukrainian Strike on Lgov Kills Deputy Commander of Russia‚Äôs 810th Marine Brigade,-1
0.18,0.699,0.121,-0.1531,"A Ukrainian ground drone under Russian fire is on its way to rescue its fallen colleague, a heavy bomber drone. [Special Kherson Cat video]",0
0.0,0.944,0.056,0.25,"Ukrainian pilots and mechanics have completed their six-month training on French Mirage 2000-5F. Ukraine is set to receive its first Mirage 2000-5 jets in early 2025, equipped with advanced systems. [NOELREPORTS; with link to article]",1
0.427,0.573,0.0,-0.7717,Trump‚Äôs Ukraine Envoy Kellogg Denounces Russia‚Äôs Christmas Day Assault on Ukraine,-1
0.0,0.726,0.274,0.9336,"Happy holidays and a happy new year from SP4U! Here are some from our last batch in 2024. With your help, our mission will continue well into 2025. $225 covers the stove, delivery, and installation plus a plaque with your personalized message. Go to sp4ukraine.org/sponsor to donate.",1
0.074,0.814,0.112,0.2462,"Hello everyone! Let‚Äôs make a Christmas gift for the assault troops of the 78th Regiment. The soldiers are in need of an EcoFlow charging station and its accessories. We only need $2,000. I‚Äôm sure we can make this happen quickly! You can donate via PayPal: catherinesk93@gmail.com",1
0.0,0.775,0.225,0.4926,Ukrainian Tryzub and Tamga of the Crimean Tatars in Cyberpunk. Thanks CDPR! ,1
0.0,0.493,0.507,0.802,Merry Christmas üéÖ & Happy New Year. Message in Body Text ,1
0.176,0.739,0.085,-0.3818,"Syrskyi has launched attack on DeepState. He plans to mobilise team, discredit and close project",-1
0.28,0.72,0.0,-0.8126,"Dmytro Petlenko, a power engineer and boiler-turbine department patrolman at one of DTEK‚Äôs thermal power plants, was killed during this morning‚Äôs attacks",-1
0.0,1.0,0.0,0.0,"How Kyiv Streets Shine With Christmas Stars, in Photos",0
0.099,0.901,0.0,-0.296,"Pokrovsk, Donetsk Oblast, which the russians are now 6 km away from. There are virtually no people, and the explosions are echoing.",-1
0.516,0.484,0.0,-0.7506,"Ukraine: Zelensky condemns ""inhumane"" Russia Christmas Day attack",-1
0.135,0.57,0.295,0.4753,This video changed me... It's nice to come out alive! From the battle again,1
0.0,1.0,0.0,0.0,Kh-101 missile that flew through Romania and Moldova crashed in a field,0
0.0,0.763,0.237,0.9132,"Merry Christmas from Ukraine! Thanks to your donations we have some cold weather supplies and extra calories for at least 200 soldiers, plus some special gifts for soldiers in the hospital. Some are getting Play Stations and X-boxes or any getting gifts they really want. Here is an update! ",1
0.0,1.0,0.0,0.0,Christ is born! - Kyiv's response to Russia's morning shelling on Christ...,0
0.0,0.824,0.176,0.128,'Shchedryk' Drone Enters Service With Ukraine's Defense Forces,0
0.0,1.0,0.0,0.0,"""–í—ñ–¥–¥–∞–π—Ç–µ –Ω–∞–º —Å–≤–æ—ó –∑–±—Ä–æ—é, —ñ –º–∏ –≥–∞—Ä–∞–Ω—Ç—É—é—î–º–æ –≤–∞—à—É –±–µ–∑–ø–µ–∫—É"" –£–∫—Ä–∞—ó–Ω–∞ 1993? –º—É–ª—å—Ç—Ñ—ñ–ª—å–º –∑ ""–ì–æ–ª–æ—Å—É –£–∫—Ä–∞—ó–Ω–∏"" –ø—Ä–æ –ø–µ—Ä–µ–≥–æ–≤–æ—Ä–∏ —â–æ–¥–æ –º–∞–π–±—É—Ç–Ω—å–æ–≥–æ —Ä–∞–¥—è–Ω—Å—å–∫–æ—ó —è–¥–µ—Ä–Ω–æ—ó –∑–±—Ä–æ—ó.",0
0.256,0.744,0.0,-0.4767,25.12.2024 Russian massive missile attack on Ukraine at Christmas night,-1
0.0,0.87,0.13,0.128,Shchedryk drone is authorized for operation in the Ukrainian Defense Forces,0
0.034,0.438,0.528,0.9838,"Dear Reddit, Merry Christmas!!!! The holidays in my home country are not very merry at the moment, but I wish you all a good holiday and a peaceful sky above your head :) Celebrate on my behalf too üòâü§ó",1
0.171,0.79,0.039,-0.802,"Kharkiv and its suburbs are in the enemy's target range. The hits were recorded in several districts of the city and the region. There was destruction and damage to buildings, as well as 4 fires. In particular, 2 residential buildings were on fire in the Osnovianskyi and Slobidskyi districts",-1
0.0,1.0,0.0,0.0,What is your assessment of a stay in Kyiv?,0
0.0,1.0,0.0,0.0,Ukraine has turned a light plane into a heavy long-range drone,0
0.0,1.0,0.0,0.0,"Anacharsis, 'Ukrainian' Scythian Philosopher and Principles of Christian Frugality 500 years before Christ",0
0.241,0.759,0.0,-0.5423,"Ukrainian drones destroy Russian ammunition depot in Rostov Oblast, SBU source claims",-1
0.0,0.222,0.778,0.5423,Merry Christmas.,1
0.419,0.581,0.0,-0.802,Putin launches brutal Christmas Day missile attack on Ukraine - forcing families underground,-1
0.193,0.807,0.0,-0.4767,Half a Million People Left Without Heating in Kharkiv Region After Russia's Christmas Day Attack,-1
0.099,0.728,0.172,0.2732,Peacekeepers in Ukraine and a tough stance on NATO: Zelenskyy's Brussels talks in detail,1
0.12,0.88,0.0,-0.128,"Ukrainian Forces Strike Russian Command Post in Kursk Region, Officer Casualties Reported",0
0.358,0.642,0.0,-0.5994,Theresianische Milit√§rakademie - Derivations of the Russian-Ukrainian War lecture,-1
0.0,0.791,0.209,0.8472,Can anyone read the description on this? A friend from Crimea gifted this to me 11 years ago and it means a lot to me. I don't often wear jewelry but I love you wear this necklace,1
0.0,0.753,0.247,0.3182,AZOV now officially accepts internationals into their ranks,1
0.111,0.889,0.0,-0.128,"First seconds of a missile strike on residential building in Kryvyi Rih, December 24.",0
0.0,0.417,0.583,0.4215,Christmas Charity Submission,1
0.481,0.519,0.0,-0.7579,110th Brigade fights off Russian assault near Novyi Komar,-1
0.0,1.0,0.0,0.0,Russian disinfo network ‚ÄúMatryoshka‚Äù is migrating to Bluesky as exodus from X continues,0
0.205,0.795,0.0,-0.4767,"Monitor: During the attack on Ukraine, one of the missiles flew through Romania",-1
0.176,0.765,0.059,-0.6249,President Zelenskyy: putin deliberately chose Christmas for an attack. Over 70 missiles inc. ballistics and 100+ attack drones. The targets? our energy infrastructure. There are power outages in several regions. üíî ,-1
0.0,0.741,0.259,0.5423,Do Ukrainians in Ukraine recognise the sunflower as a symbol of peace?,1
0.0,0.448,0.552,0.5719,"Happy Christmas, Ukraine üíôüíõ",1
0.0,1.0,0.0,0.0,What do the new stamps say?,0
0.144,0.442,0.414,0.7096,"Ukraine‚Äôs Christmas Dinner Honors Those Who Fight for Freedom, in Photos",1
0.31,0.69,0.0,-0.4019,Losses of the Russian military to 25.12.2024,-1
0.0,0.769,0.231,0.2732,russia targeting Ukraine's energy grid on Christmas day,1
0.0,1.0,0.0,0.0,Ukrainian Arts,0
0.0,1.0,0.0,0.0,7:58 AM; The Sun is Rising Over Kyiv on the 1036th Day of the Full-Scale Invasion. All about Didukh!,0
0.0,0.426,0.574,0.4019,International legion help ,1
0.194,0.806,0.0,-0.34,Frontline report: Ukrainian drone pilots turn North Korean fire against themselves,-1
0.0,1.0,0.0,0.0,"Extensive Interview with Ukraine‚Äôs former FM, Dmytro Kuleba from the Kyiv Independent ",0
0.0,0.947,0.053,0.3182,"On December 23, under the cover of rain and fog, the Russian Forces attempted to expand the bridgehead on the left bank of the Oskil River (Kupyansk direction). The mechanized advance took place in two waves and lasted almost the entire day. ",1
0.0,0.462,0.538,0.5423,Merry Christmas –í–µ—Å–µ–ª–æ–≥–æ –†—ñ–∑–¥–≤–∞,1
0.0,0.649,0.351,0.4019,NATO will continue to support Ukraine ,1
0.0,1.0,0.0,0.0,Ukrainian stamps,0
0.173,0.711,0.116,-0.3182,‚ÄòUkraine Doing Everything to Ensure 2025 Becomes a Year of Lasting Peace‚Äô ‚Äì Ukraine at War Update for Dec. 25,-1
0.0,0.677,0.323,0.8605,"Visiting my Ukrainian friend for the holidays, what is this dish closest to the camera? I could eat this for breakfast it's so good ",1
0.0,0.462,0.538,0.5423,Merry Christmas –í–µ—Å–µ–ª–æ–≥–æ –†—ñ–∑–¥–≤–∞,1
0.0,0.533,0.467,0.5423,Merry Christmas From Across Ukraine,1
0.0,1.0,0.0,0.0,Sting is singing his Shape of My Heart hit to the accompaniment of Ukrainian military and bandura player Taras Stolyar,0
0.0,0.526,0.474,0.4019,Help needed with a name,1
0.0,1.0,0.0,0.0,"See how ""Shchedryk"" has become a global symbol of Christmas and is used around the world",0
0.0,1.0,0.0,0.0,Video Short: Christmas at the Frontlines,0
0.254,0.58,0.167,-0.296,Russians Fail to Expand Bridgehead on Oskil River Left Bank,-1
0.244,0.63,0.126,-0.4588,"Ding dong ding dong: first carols praised the solstice, then Christ, and when wars came, there were battle carols. ",-1
0.0,0.809,0.191,0.5837,"Hi, Reddit! Christmas Eve photo from our soldiers from the frontline. Congratulate the guys in the comments!",1
0.211,0.789,0.0,-0.34,Latvia Donates 612 Cars Seized from Drunk Drivers to Ukraine,-1
0.056,0.651,0.293,0.7269,It‚Äôs Christmas night for people around the world. For the fighters defending our freedom tonight as well.,1
0.0,0.803,0.197,0.4019,Who to contact to go to Ukraine and help mass produce drones?,1
0.0,0.8,0.2,0.3612,US delivers first $ 1 billion from frozen Russian asset proceeds to Ukraine,1
0.29,0.71,0.0,-0.6705,18-year-old Ukrainian orphan relocated to Russia dies by Suicide in foster family,-1
0.0,1.0,0.0,0.0,It's the Tuesday raffle...preview! The raffle will be on Thursday this week. But look what's gonna be on offer!,0
0.0,1.0,0.0,0.0,"NPR: Inside a secret Ukrainian drone command post, where Russian soldiers are seen as prey",0
0.0,0.696,0.304,0.5423,Kryviy Rih today. Merry Christmas world. Don‚Äôt look up.,1
0.262,0.738,0.0,-0.5994,Civil partnerships in limbo as LGBTQ+ community seeks equal rights amid war,-1
0.0,1.0,0.0,0.0,"Football in Ukraine - Ukraine, the latest podcast presented by the late David Knowles (RIP) üíôüíõ",0
